<Root_Element>
   <FishSkin>
      <Skin_Details>
         <Skin_Author>Dancemammal</Skin_Author>
         <Skin_Date>20/05/2003</Skin_Date>
         <Skin_Name>Metal Skin</Skin_Name>
         <Version>1.0.0</Version>
      </Skin_Details>
      <Player>
         <Image_BMP>
            <Main_Bitmap>Main.BMP</Main_Bitmap>
            <Button_Overlay>Buttons.BMP</Button_Overlay>
            <Volume_Bar>Volume.bmp</Volume_Bar>
         </Image_BMP>
         <Item_Positions>
            <Item>
               <Name>Title</Name>
               <Colour>255,255,255</Colour>
               <X1>30</X1>
               <Y1>24</Y1>
               <X2>250</X2>
               <Y2>42</Y2>
            </Item>
            <Item>
               <Name>ProgressBar</Name>
               <Colour>255,255,255</Colour>
               <X1>537</X1>
               <Y1>53</Y1>
               <X2>737</X2>
               <Y2>59</Y2>
            </Item>
            <Item>
               <Name>InfoDisplay</Name>
               <Colour>255,255,255</Colour>
               <X1>40</X1>
               <Y1>20</Y1>
               <X2>197</X2>
               <Y2>30</Y2>
            </Item>
            <Item>
               <Name>Volume</Name>
               <Colour>255,255,255</Colour>
               <X1>145</X1>
               <Y1>55</Y1>
               <X2>215</X2>
               <Y2>67</Y2>
            </Item>
           </Item_Positions>
         <Button_Positions>
            <Button>
               <Name>Play</Name>
               <X1>41</X1>
               <Y1>78</Y1>
               <X2>58</X2>
               <Y2>88</Y2>
            </Button>
            <Button>
               <Name>Pause</Name>
               <X1>64</X1>
               <Y1>78</Y1>
               <X2>81</X2>
               <Y2>88</Y2>
            </Button>
            <Button>
               <Name>Stop</Name>
               <X1>87</X1>
               <Y1>78</Y1>
               <X2>104</X2>
               <Y2>88</Y2>
            </Button>
            <Button>
               <Name>Next</Name>
               <X1>110</X1>
               <Y1>78</Y1>
               <X2>127</X2>
               <Y2>88</Y2>
            </Button>
            <Button>
               <Name>Open</Name>
               <X1>137</X1>
               <Y1>78</Y1>
               <X2>155</X2>
               <Y2>88</Y2>
            </Button>
            <Button>
               <Name>Progress</Name>
               <X1>540</X1>
               <Y1>56</Y1>
               <X2>615</X2>
               <Y2>63</Y2>
            </Button>
            <Button>
               <Name>Options</Name>
               <X1>242</X1>
               <Y1>43</Y1>
               <X2>256</X2>
               <Y2>51</Y2>
            </Button>
            <Button>
               <Name>EQ</Name>
               <X1>220</X1>
               <Y1>58</Y1>
               <X2>242</X2>
               <Y2>69</Y2>
            </Button>
            <Button>
               <Name>PlayList</Name>
               <X1>243</X1>
               <Y1>58</Y1>
               <X2>264</X2>
               <Y2>69</Y2>
            </Button>
            <Button>
               <Name>Backtime</Name>
               <X1>47</X1>
               <Y1>24</Y1>
               <X2>105</X2>
               <Y2>36</Y2>
            </Button>
            <Button>
               <Name>Cross</Name>
               <X1>2</X1>
               <Y1>2</Y1>
               <X2>3</X2>
               <Y2>3</Y2>
            </Button>
            <Button>
               <Name>Shuffle</Name>
               <X1>174</X1>
               <Y1>78</Y1>
               <X2>197</X2>
               <Y2>88</Y2>
            </Button>
            <Button>
               <Name>Repeat</Name>
               <X1>213</X1>
               <Y1>78</Y1>
               <X2>237</X2>
               <Y2>235</Y2>
            </Button>
            <Button>
               <Name>Mute</Name>
               <X1>4</X1>
               <Y1>2</Y1>
               <X2>5</X2>
               <Y2>3</Y2>
            </Button>
            <Button>
               <Name>Vol100</Name>
               <X1>6</X1>
               <Y1>2</Y1>
               <X2>7</X2>
               <Y2>3</Y2>
            </Button>
            <Button>
               <Name>Define</Name>
               <X1>5</X1>
               <Y1>2</Y1>
               <X2>6</X2>
               <Y2>3</Y2>
            </Button>
            <Button>
               <Name>FavUrl</Name>
               <X1>242</X1>
               <Y1>32</Y1>
               <X2>256</X2>
               <Y2>40</Y2>
            </Button>
            <Button>
               <Name>Menu</Name>
               <X1>240</X1>
               <Y1>80</Y1>
               <X2>272</X2>
               <Y2>100</Y2>
            </Button>
         </Button_Positions>
      </Player>
   </FishSkin>
</Root_Element>
