<Root_Element>
   <FishSkin>
      <Skin_Details>
         <Skin_Author>Adrenaline</Skin_Author>
         <Skin_Date>29/01/2009</Skin_Date>
         <Skin_Name>Adrenaline Blue</Skin_Name>
         <Version>1.0.1</Version>
      </Skin_Details>
      <Player>
         <Image_BMP>
            <Main_Bitmap>Main.bmp</Main_Bitmap>
            <Button_Overlay>Buttons.bmp</Button_Overlay>
            <Volume_Bar>Volume.bmp</Volume_Bar>
         </Image_BMP>
         <Item_Positions>
            <Item>
               <Name>Title</Name>
               <Colour>255,255,255</Colour>
               <X1>36</X1>
               <Y1>24</Y1>
               <X2>240</X2>
               <Y2>42</Y2>
            </Item>
            <Item>
               <Name>ProgressBar</Name>
               <Colour>255,255,255</Colour>
               <X1>37</X1>
               <Y1>53</Y1>
               <X2>237</X2>
               <Y2>59</Y2>
            </Item>
            <Item>
               <Name>InfoDisplay</Name>
               <Colour>255,255,255</Colour>
               <X1>41</X1>
               <Y1>22</Y1>
               <X2>193</X2>
               <Y2>38</Y2>
            </Item>
            <Item>
               <Name>Volume</Name>
               <Colour>255,255,255</Colour>
               <X1>105</X1>
               <Y1>112</Y1>
               <X2>173</X2>
               <Y2>127</Y2>
            </Item>
           </Item_Positions>
         <Button_Positions>
            <Button>
               <Name>PlayList</Name>
               <X1>44</X1>
               <Y1>113</Y1>
               <X2>59</X2>
               <Y2>123</Y2>
            </Button>
            <Button>
               <Name>Record</Name>
               <X1>72</X1>
               <Y1>78</Y1>
               <X2>92</X2>
               <Y2>99</Y2>
            </Button>
            <Button>
               <Name>Play</Name>
               <X1>126</X1>
               <Y1>78</Y1>
               <X2>150</X2>
               <Y2>100</Y2>
            </Button>
            <Button>
               <Name>Pause</Name>
               <X1>157</X1>
               <Y1>78</Y1>
               <X2>177</X2>
               <Y2>99</Y2>
            </Button>
            <Button>
               <Name>Stop</Name>
               <X1>100</X1>
               <Y1>78</Y1>
               <X2>119</X2>
               <Y2>99</Y2>
            </Button>
            <Button>
               <Name>Next</Name>
               <X1>184</X1>
               <Y1>78</Y1>
               <X2>202</X2>
               <Y2>99</Y2>
            </Button>
            <Button>
               <Name>Open</Name>
               <X1>28</X1>
               <Y1>78</Y1>
               <X2>48</X2>
               <Y2>99</Y2>
            </Button>
            <Button>
               <Name>Progress</Name>
               <X1>37</X1>
               <Y1>53</Y1>
               <X2>237</X2>
               <Y2>59</Y2>
            </Button>
            <Button>
               <Name>Options</Name>
               <X1>23</X1>
               <Y1>113</Y1>
               <X2>38</X2>
               <Y2>123</Y2>
            </Button>
            <Button>
               <Name>EQ</Name>
               <X1>65</X1>
               <Y1>113</Y1>
               <X2>80</X2>
               <Y2>123</Y2>
            </Button>
            <Button>
               <Name>Backtime</Name>
               <X1>40</X1>
               <Y1>22</Y1>
               <X2>100</X2>
               <Y2>36</Y2>
            </Button>
            <Button>
               <Name>Cross</Name>
               <X1>257</X1>
               <Y1>18</Y1>
               <X2>264</X2>
               <Y2>25</Y2>
            </Button>
            <Button>
               <Name>Shuffle</Name>
               <X1>227</X1>
               <Y1>74</Y1>
               <X2>239</X2>
               <Y2>86</Y2>
            </Button>
            <Button>
               <Name>Repeat</Name>
               <X1>227</X1>
               <Y1>93</Y1>
               <X2>238</X2>
               <Y2>104</Y2>
            </Button>
            <Button>
               <Name>VolumeUp</Name>
               <X1>556</X1>
               <Y1>113</Y1>
               <X2>171</X2>
               <Y2>122</Y2>
            </Button>
            <Button>
               <Name>VolumeDown</Name>
               <X1>504</X1>
               <Y1>113</Y1>
               <X2>119</X2>
               <Y2>122</Y2>
            </Button>
            <Button>
               <Name>Mute</Name>
               <X1>96</X1>
               <Y1>115</Y1>
               <X2>101</X2>
               <Y2>121</Y2>
            </Button>
            <Button>
               <Name>Vol100</Name>
               <X1>176</X1>
               <Y1>115</Y1>
               <X2>188</X2>
               <Y2>122</Y2>
            </Button>
            <Button>
               <Name>FavUrl</Name>
               <X1>196</X1>
               <Y1>113</Y1>
               <X2>220</X2>
               <Y2>124</Y2>
            </Button>
            <Button>
               <Name>Define</Name>
               <X1>228</X1>
               <Y1>113</Y1>
               <X2>243</X2>
               <Y2>123</Y2>
            </Button>
            <Button>
               <Name>Menu</Name>
               <X1>246</X1>
               <Y1>20</Y1>
               <X2>254</X2>
               <Y2>26</Y2>
            </Button>
         </Button_Positions>
      </Player>
   </FishSkin>
</Root_Element>
