<Root_Element>
   <FishSkin>
      <Skin_Details>
         <Skin_Author>Daniel Jansson</Skin_Author>
         <Skin_Date>24-Feb-2012</Skin_Date>
         <Skin_Name>Zaxon</Skin_Name>
         <Version>1.1.1</Version>
      </Skin_Details>
      <Player>
         <Image_BMP>
            <Main_Bitmap>Main.bmp</Main_Bitmap>
            <Button_Overlay>Buttons.bmp</Button_Overlay>
            <Volume_Bar>Volume.bmp</Volume_Bar>
         </Image_BMP>
         <Item_Positions>
            <Item>
               <Name>Title</Name>
               <Colour>255,255,255</Colour>
               <X1>16</X1>
               <Y1>20</Y1>
               <X2>240</X2>
               <Y2>38</Y2>
            </Item>
            <Item>
               <Name>ProgressBar</Name>
               <Colour>255,255,255</Colour>
               <X1>37</X1>
               <Y1>53</Y1>
               <X2>257</X2>
               <Y2>59</Y2>
            </Item>
            <Item>
               <Name>InfoDisplay</Name>
               <Colour>255,255,255</Colour>
               <X1>44</X1>
               <Y1>20</Y1>
               <X2>220</X2>
               <Y2>39</Y2>
            </Item>
            <Item>
               <Name>Volume</Name>
               <Colour>255,255,255</Colour>
               <X1>105</X1>
               <Y1>58</Y1>
               <X2>173</X2>
               <Y2>75</Y2>
            </Item>
           </Item_Positions>
         <Button_Positions>
            <Button>
               <Name>PlayList</Name>
               <X1>244</X1>
               <Y1>60</Y1>
               <X2>262</X2>
               <Y2>70</Y2>
            </Button>
            <Button>
               <Name>Record</Name>
               <X1>16</X1>
               <Y1>97</Y1>
               <X2>37</X2>
               <Y2>106</Y2>
            </Button>
            <Button>
               <Name>Play</Name>
               <X1>40</X1>
               <Y1>97</Y1>
               <X2>60</X2>
               <Y2>106</Y2>
            </Button>
            <Button>
               <Name>Pause</Name>
               <X1>63</X1>
               <Y1>97</Y1>
               <X2>83</X2>
               <Y2>106</Y2>
            </Button>
            <Button>
               <Name>Stop</Name>
               <X1>86</X1>
               <Y1>97</Y1>
               <X2>106</X2>
               <Y2>106</Y2>
            </Button>
            <Button>
               <Name>Next</Name>
               <X1>110</X1>
               <Y1>97</Y1>
               <X2>130</X2>
               <Y2>106</Y2>
            </Button>
            <Button>
               <Name>Open</Name>
               <X1>138</X1>
               <Y1>90</Y1>
               <X2>158</X2>
               <Y2>103</Y2>
            </Button>
            <Button>
               <Name>Progress</Name>
               <X1>37</X1>
               <Y1>53</Y1>
               <X2>237</X2>
               <Y2>59</Y2>
            </Button>
            <Button>
               <Name>Options</Name>
               <X1>183</X1>
               <Y1>60</Y1>
               <X2>208</X2>
               <Y2>70</Y2>
            </Button>
            <Button>
               <Name>EQ</Name>
               <X1>220</X1>
               <Y1>60</Y1>
               <X2>240</X2>
               <Y2>70</Y2>
            </Button>
            <Button>
               <Name>Backtime</Name>
               <X1>40</X1>
               <Y1>22</Y1>
               <X2>100</X2>
               <Y2>36</Y2>
            </Button>
            <Button>
               <Name>Cross</Name>
               <X1>357</X1>
               <Y1>18</Y1>
               <X2>364</X2>
               <Y2>25</Y2>
            </Button>
            <Button>
               <Name>Shuffle</Name>
               <X1>178</X1>
               <Y1>97</Y1>
               <X2>200</X2>
               <Y2>106</Y2>
            </Button>
            <Button>
               <Name>Repeat</Name>
               <X1>214</X1>
               <Y1>97</Y1>
               <X2>235</X2>
               <Y2>106</Y2>
            </Button>
            <Button>
               <Name>Mute</Name>
               <X1>96</X1>
               <Y1>115</Y1>
               <X2>101</X2>
               <Y2>121</Y2>
            </Button>
            <Button>
               <Name>FavUrl</Name>
               <X1>196</X1>
               <Y1>113</Y1>
               <X2>220</X2>
               <Y2>124</Y2>
            </Button>
            <Button>
               <Name>Define</Name>
               <X1>228</X1>
               <Y1>113</Y1>
               <X2>243</X2>
               <Y2>123</Y2>
            </Button>
            <Button>
               <Name>Menu</Name>
               <X1>74</X1>
               <Y1>63</Y1>
               <X2>104</X2>
               <Y2>71</Y2>
            </Button>
         </Button_Positions>
      </Player>
   </FishSkin>
</Root_Element>
